{
	"agencies": {
		"detailed": {

		},
		"toptier_list": [
			{
				"abbreviation": "AAHC",
				"active_fq": "4",
				"active_fy": "2025",
				"agency_id": 1525,
				"agency_name": "400 Years of African-American History Commission",
				"agency_slug": "400-years-of-african-american-history-commission",
				"budget_authority_amount": 0,
				"congressional_justification_url": null,
				"current_total_budget_authority_amount": 15772073357024.4,
				"obligated_amount": 0,
				"outlay_amount": 0,
				"percentage_of_total_budget_authority": 0,
				"toptier_code": "247"
			},
			{
				"abbreviation": "USAB",
				"active_fq": "4",
				"active_fy": "2025",
				"agency_id": 1146,
				"agency_name": "Access Board",
				"agency_slug": "access-board",
				"budget_authority_amount": 13681561.44,
				"congressional_justification_url": "https://www.access-board.gov/cj",
				"current_total_budget_authority_amount": 15772073357024.4,
				"obligated_amount": 7516256.27,
				"outlay_amount": 8140625.21,
				"percentage_of_total_budget_authority": 0.000000867454844413757,
				"toptier_code": "310"
			},
			{
				"abbreviation": "ACUS",
				"active_fq": "4",
				"active_fy": "2025",
				"agency_id": 1136,
				"agency_name": "Administrative Conference of the U.S.",
				"agency_slug": "administrative-conference-of-the-us",
				"budget_authority_amount": 3606982.05,
				"congressional_justification_url": "https://www.acus.gov/cj",
				"current_total_budget_authority_amount": 15772073357024.4,
				"obligated_amount": 3200165.4,
				"outlay_amount": 3309137.52,
				"percentage_of_total_budget_authority": 0.000000228694222271896,
				"toptier_code": "302"
			},
			{
				"abbreviation": "ACHP",
				"active_fq": "4",
				"active_fy": "2025",
				"agency_id": 1144,
				"agency_name": "Advisory Council on Historic Preservation",
				"agency_slug": "advisory-council-on-historic-preservation",
				"budget_authority_amount": 18869448.23,
				"congressional_justification_url": "https://www.achp.gov/sites/default/files/2021-06/ACHP%202022%20Budget%20Justification-final-5-10-21.pdf",
				"current_total_budget_authority_amount": 15772073357024.4,
				"obligated_amount": 10566669.98,
				"outlay_amount": 10457214.51,
				"percentage_of_total_budget_authority": 0.00000119638349396822,
				"toptier_code": "306"
			},
			{
				"abbreviation": "USADF",
				"active_fq": "4",
				"active_fy": "2025",
				"agency_id": 1527,
				"agency_name": "African Development Foundation",
				"agency_slug": "african-development-foundation",
				"budget_authority_amount": 43997706.41,
				"congressional_justification_url": "https://www.usadf.gov/cj",
				"current_total_budget_authority_amount": 15772073357024.4,
				"obligated_amount": 18802920.05,
				"outlay_amount": 20694139.72,
				"percentage_of_total_budget_authority": 0.0000027895955981212,
				"toptier_code": "166"
			},
			{
				"abbreviation": "USAID",
				"active_fq": "4",
				"active_fy": "2025",
				"agency_id": 801,
				"agency_name": "Agency for International Development",
				"agency_slug": "agency-for-international-development",
				"budget_authority_amount": 30467220125.93,
				"congressional_justification_url": "https://www.usaid.gov/cj",
				"current_total_budget_authority_amount": 15772073357024.4,
				"obligated_amount": 12128316255.68,
				"outlay_amount": 19361173157.14,
				"percentage_of_total_budget_authority": 0.00193171940278611,
				"toptier_code": "072"
			},
			{
				"abbreviation": "ABMC",
				"active_fq": "4",
				"active_fy": "2025",
				"agency_id": 805,
				"agency_name": "American Battle Monuments Commission",
				"agency_slug": "american-battle-monuments-commission",
				"budget_authority_amount": 271169484.27,
				"congressional_justification_url": "https://www.abmc.gov/cj",
				"current_total_budget_authority_amount": 15772073357024.4,
				"obligated_amount": 92708093.48,
				"outlay_amount": 89394430.39,
				"percentage_of_total_budget_authority": 0.0000171930143952335,
				"toptier_code": "074"
			},
			{
				"abbreviation": "ARC",
				"active_fq": "4",
				"active_fy": "2025",
				"agency_id": 1416,
				"agency_name": "Appalachian Regional Commission",
				"agency_slug": "appalachian-regional-commission",
				"budget_authority_amount": 895963966.33,
				"congressional_justification_url": "https://www.arc.gov/cj",
				"current_total_budget_authority_amount": 15772073357024.4,
				"obligated_amount": 192280322.02,
				"outlay_amount": 198921238.19,
				"percentage_of_total_budget_authority": 0.0000568069870110617,
				"toptier_code": "309"
			},
			{
				"abbreviation": "AFRH",
				"active_fq": "4",
				"active_fy": "2025",
				"agency_id": 879,
				"agency_name": "Armed Forces Retirement Home",
				"agency_slug": "armed-forces-retirement-home",
				"budget_authority_amount": 288557273.75,
				"congressional_justification_url": null,
				"current_total_budget_authority_amount": 15772073357024.4,
				"obligated_amount": 130124000.55,
				"outlay_amount": 126643035.96,
				"percentage_of_total_budget_authority": 0.0000182954559757665,
				"toptier_code": "084"
			},
			{
				"abbreviation": "GOLDWATER",
				"active_fq": "4",
				"active_fy": "2025",
				"agency_id": 1159,
				"agency_name": "Barry Goldwater Scholarship and Excellence In Education Foundation",
				"agency_slug": "barry-goldwater-scholarship-and-excellence-in-education-foundation",
				"budget_authority_amount": 43124137.73,
				"congressional_justification_url": "http://goldwaterscholarship.gov/",
				"current_total_budget_authority_amount": 15772073357024.4,
				"obligated_amount": 3884046.86,
				"outlay_amount": 1231971.95,
				"percentage_of_total_budget_authority": 0.00000273420854403988,
				"toptier_code": "313"
			},
			{
				"abbreviation": "HERITAGEABROAD",
				"active_fq": "4",
				"active_fy": "2025",
				"agency_id": 1426,
				"agency_name": "Commission for the Preservation of America's Heritage Abroad",
				"agency_slug": "commission-for-the-preservation-of-americas-heritage-abroad",
				"budget_authority_amount": 1089960.46,
				"congressional_justification_url": "https://www.heritageabroad.gov/cj",
				"current_total_budget_authority_amount": 15772073357024.4,
				"obligated_amount": 464391.35,
				"outlay_amount": 550174.54,
				"percentage_of_total_budget_authority": 0.0000000691069864644373,
				"toptier_code": "321"
			},
			{
				"abbreviation": "CFA",
				"active_fq": "4",
				"active_fy": "2025",
				"agency_id": 1149,
				"agency_name": "Commission of Fine Arts",
				"agency_slug": "commission-of-fine-arts",
				"budget_authority_amount": 9836198.4,
				"congressional_justification_url": "https://www.cfa.gov/cj",
				"current_total_budget_authority_amount": 15772073357024.4,
				"obligated_amount": 7858697.99,
				"outlay_amount": 7575754.88,
				"percentage_of_total_budget_authority": 0.000000623646503369783,
				"toptier_code": "323"
			},
			{
				"abbreviation": "USCCR",
				"active_fq": "4",
				"active_fy": "2025",
				"agency_id": 1138,
				"agency_name": "Commission on Civil Rights",
				"agency_slug": "commission-on-civil-rights",
				"budget_authority_amount": 17180859.78,
				"congressional_justification_url": "https://www.usccr.gov/cj/",
				"current_total_budget_authority_amount": 15772073357024.4,
				"obligated_amount": 13239836.03,
				"outlay_amount": 13193513.43,
				"percentage_of_total_budget_authority": 0.00000108932157434762,
				"toptier_code": "326"
			},
			{
				"abbreviation": "ABILITYONE",
				"active_fq": "4",
				"active_fy": "2025",
				"agency_id": 1139,
				"agency_name": "Committee for Purchase from People Who Are Blind or Severely Disabled",
				"agency_slug": "committee-for-purchase-from-people-who-are-blind-or-severely-disabled",
				"budget_authority_amount": 17072312.64,
				"congressional_justification_url": "https://www.abilityone.gov/cj",
				"current_total_budget_authority_amount": 15772073357024.4,
				"obligated_amount": 11662254.31,
				"outlay_amount": 10831594.13,
				"percentage_of_total_budget_authority": 0.00000108243933778031,
				"toptier_code": "338"
			},
			{
				"abbreviation": "CFTC",
				"active_fq": "4",
				"active_fy": "2025",
				"agency_id": 1129,
				"agency_name": "Commodity Futures Trading Commission",
				"agency_slug": "commodity-futures-trading-commission",
				"budget_authority_amount": 993313427.97,
				"congressional_justification_url": "https://www.cftc.gov/cj",
				"current_total_budget_authority_amount": 15772073357024.4,
				"obligated_amount": 334613461.41,
				"outlay_amount": 328222842.1,
				"percentage_of_total_budget_authority": 0.0000629792548820226,
				"toptier_code": "339"
			},
			{
				"abbreviation": "CFPB",
				"active_fq": "4",
				"active_fy": "2025",
				"agency_id": 1158,
				"agency_name": "Consumer Financial Protection Bureau",
				"agency_slug": "consumer-financial-protection-bureau",
				"budget_authority_amount": 3103934114.4,
				"congressional_justification_url": "https://www.consumerfinance.gov/cj",
				"current_total_budget_authority_amount": 15772073357024.4,
				"obligated_amount": 2571034916.28,
				"outlay_amount": 2721212614.23,
				"percentage_of_total_budget_authority": 0.00019679937089676,
				"toptier_code": "581"
			},
			{
				"abbreviation": "CPSC",
				"active_fq": "4",
				"active_fy": "2025",
				"agency_id": 694,
				"agency_name": "Consumer Product Safety Commission",
				"agency_slug": "consumer-product-safety-commission",
				"budget_authority_amount": 165240154.8,
				"congressional_justification_url": "https://www.cpsc.gov/cj",
				"current_total_budget_authority_amount": 15772073357024.4,
				"obligated_amount": 134279959.48,
				"outlay_amount": 146860936.26,
				"percentage_of_total_budget_authority": 0.000010476755405554,
				"toptier_code": "061"
			},
			{
				"abbreviation": "CNCS",
				"active_fq": "4",
				"active_fy": "2025",
				"agency_id": 1166,
				"agency_name": "Corporation for National and Community Service",
				"agency_slug": "corporation-for-national-and-community-service",
				"budget_authority_amount": 2502278013.19,
				"congressional_justification_url": "https://www.nationalservice.gov/cj",
				"current_total_budget_authority_amount": 15772073357024.4,
				"obligated_amount": 1319662475.23,
				"outlay_amount": 1439353369.59,
				"percentage_of_total_budget_authority": 0.00015865244578485,
				"toptier_code": "485"
			},
			{
				"abbreviation": "USACE",
				"active_fq": "4",
				"active_fy": "2025",
				"agency_id": 1205,
				"agency_name": "Corps of Engineers - Civil Works",
				"agency_slug": "corps-of-engineers-civil-works",
				"budget_authority_amount": 85803629549.17,
				"congressional_justification_url": "https://www.usace.army.mil/Missions/Civil-Works/cj",
				"current_total_budget_authority_amount": 15772073357024.4,
				"obligated_amount": 32329901077.47,
				"outlay_amount": 30349149209.58,
				"percentage_of_total_budget_authority": 0.00544022511225231,
				"toptier_code": "096"
			},
			{
				"abbreviation": "CIGIE",
				"active_fq": "4",
				"active_fy": "2025",
				"agency_id": 1132,
				"agency_name": "Council of the Inspectors General on Integrity and Efficiency",
				"agency_slug": "council-of-the-inspectors-general-on-integrity-and-efficiency",
				"budget_authority_amount": 71922937.09,
				"congressional_justification_url": "https://www.ignet.gov/cj",
				"current_total_budget_authority_amount": 15772073357024.4,
				"obligated_amount": 31394243.16,
				"outlay_amount": 30437681.31,
				"percentage_of_total_budget_authority": 0.00000456014472301243,
				"toptier_code": "542"
			},
			{
				"abbreviation": "CSOSA",
				"active_fq": "4",
				"active_fy": "2025",
				"agency_id": 1528,
				"agency_name": "Court Services and Offender Supervision Agency",
				"agency_slug": "court-services-and-offender-supervision-agency",
				"budget_authority_amount": 376886470.97,
				"congressional_justification_url": "https://www.csosa.gov/cj",
				"current_total_budget_authority_amount": 15772073357024.4,
				"obligated_amount": 233544268.23,
				"outlay_amount": 245227808.73,
				"percentage_of_total_budget_authority": 0.0000238958101727409,
				"toptier_code": "9553"
			},
			{
				"abbreviation": "DNFSB",
				"active_fq": "4",
				"active_fy": "2025",
				"agency_id": 1137,
				"agency_name": "Defense Nuclear Facilities Safety Board",
				"agency_slug": "defense-nuclear-facilities-safety-board",
				"budget_authority_amount": 51152119.84,
				"congressional_justification_url": "https://www.dnfsb.gov/cj",
				"current_total_budget_authority_amount": 15772073357024.4,
				"obligated_amount": 36315511.93,
				"outlay_amount": 39614521.36,
				"percentage_of_total_budget_authority": 0.00000324320833932834,
				"toptier_code": "347"
			},
			{
				"abbreviation": "DRA",
				"active_fq": "4",
				"active_fy": "2025",
				"agency_id": 1156,
				"agency_name": "Delta Regional Authority",
				"agency_slug": "delta-regional-authority",
				"budget_authority_amount": 168055261.19,
				"congressional_justification_url": "https://dra.gov/cj",
				"current_total_budget_authority_amount": 15772073357024.4,
				"obligated_amount": 106476188.01,
				"outlay_amount": 56751291.27,
				"percentage_of_total_budget_authority": 0.000010655242173037,
				"toptier_code": "517"
			},
			{
				"abbreviation": "DENALI",
				"active_fq": "4",
				"active_fy": "2025",
				"agency_id": 1165,
				"agency_name": "Denali Commission",
				"agency_slug": "denali-commission",
				"budget_authority_amount": 232951789.16,
				"congressional_justification_url": "https://www.denali.gov/cj",
				"current_total_budget_authority_amount": 15772073357024.4,
				"obligated_amount": 160026378.04,
				"outlay_amount": 42022548.72,
				"percentage_of_total_budget_authority": 0.0000147698900383474,
				"toptier_code": "513"
			},
			{
				"abbreviation": "USDA",
				"active_fq": "4",
				"active_fy": "2025",
				"agency_id": 95,
				"agency_name": "Department of Agriculture",
				"agency_slug": "department-of-agriculture",
				"budget_authority_amount": 502839687134.32,
				"congressional_justification_url": "https://www.usda.gov/cj",
				"current_total_budget_authority_amount": 15772073357024.4,
				"obligated_amount": 237015909496.64,
				"outlay_amount": 228736325634.74,
				"percentage_of_total_budget_authority": 0.0318816477549776,
				"toptier_code": "012"
			},
			{
				"abbreviation": "DOC",
				"active_fq": "4",
				"active_fy": "2025",
				"agency_id": 183,
				"agency_name": "Department of Commerce",
				"agency_slug": "department-of-commerce",
				"budget_authority_amount": 92710139338.97,
				"congressional_justification_url": "https://www.commerce.gov/cj",
				"current_total_budget_authority_amount": 15772073357024.4,
				"obligated_amount": 63646207903.67,
				"outlay_amount": 34432268406.04,
				"percentage_of_total_budget_authority": 0.0058781199681448,
				"toptier_code": "013"
			},
			{
				"abbreviation": "DOD",
				"active_fq": "4",
				"active_fy": "2025",
				"agency_id": 1173,
				"agency_name": "Department of Defense",
				"agency_slug": "department-of-defense",
				"budget_authority_amount": 2323574664062.91,
				"congressional_justification_url": "https://www.defense.gov/cj",
				"current_total_budget_authority_amount": 15772073357024.4,
				"obligated_amount": 1389462751377.28,
				"outlay_amount": 1299426163418.61,
				"percentage_of_total_budget_authority": 0.147322080709703,
				"toptier_code": "097"
			},
			{
				"abbreviation": "ED",
				"active_fq": "4",
				"active_fy": "2025",
				"agency_id": 1068,
				"agency_name": "Department of Education",
				"agency_slug": "department-of-education",
				"budget_authority_amount": 195417331710.87,
				"congressional_justification_url": "https://www.ed.gov/cj",
				"current_total_budget_authority_amount": 15772073357024.4,
				"obligated_amount": 137879978269.44,
				"outlay_amount": 160833423521.77,
				"percentage_of_total_budget_authority": 0.0123900851389229,
				"toptier_code": "091"
			},
			{
				"abbreviation": "DOE",
				"active_fq": "4",
				"active_fy": "2025",
				"agency_id": 930,
				"agency_name": "Department of Energy",
				"agency_slug": "department-of-energy",
				"budget_authority_amount": 166981903709.84,
				"congressional_justification_url": "https://energy.gov/cj",
				"current_total_budget_authority_amount": 15772073357024.4,
				"obligated_amount": 90125213898.06,
				"outlay_amount": 62539896038.24,
				"percentage_of_total_budget_authority": 0.0105871878687066,
				"toptier_code": "089"
			},
			{
				"abbreviation": "HHS",
				"active_fq": "4",
				"active_fy": "2025",
				"agency_id": 806,
				"agency_name": "Department of Health and Human Services",
				"agency_slug": "department-of-health-and-human-services",
				"budget_authority_amount": 3295380040135.05,
				"congressional_justification_url": "https://www.hhs.gov/cj",
				"current_total_budget_authority_amount": 15772073357024.4,
				"obligated_amount": 2653584837481.33,
				"outlay_amount": 2531988272516.53,
				"percentage_of_total_budget_authority": 0.208937656168546,
				"toptier_code": "075"
			},
			{
				"abbreviation": "DHS",
				"active_fq": "4",
				"active_fy": "2025",
				"agency_id": 766,
				"agency_name": "Department of Homeland Security",
				"agency_slug": "department-of-homeland-security",
				"budget_authority_amount": 411311254299.48,
				"congressional_justification_url": "https://www.dhs.gov/cj",
				"current_total_budget_authority_amount": 15772073357024.4,
				"obligated_amount": 141483451173.74,
				"outlay_amount": 140482605288.65,
				"percentage_of_total_budget_authority": 0.0260784517665392,
				"toptier_code": "070"
			},
			{
				"abbreviation": "HUD",
				"active_fq": "4",
				"active_fy": "2025",
				"agency_id": 882,
				"agency_name": "Department of Housing and Urban Development",
				"agency_slug": "department-of-housing-and-urban-development",
				"budget_authority_amount": 318752429064.27,
				"congressional_justification_url": "https://www.hud.gov/cj",
				"current_total_budget_authority_amount": 15772073357024.4,
				"obligated_amount": 79370293992.76,
				"outlay_amount": 82130907644.19,
				"percentage_of_total_budget_authority": 0.0202099255975313,
				"toptier_code": "086"
			},
			{
				"abbreviation": "DOJ",
				"active_fq": "4",
				"active_fy": "2025",
				"agency_id": 252,
				"agency_name": "Department of Justice",
				"agency_slug": "department-of-justice",
				"budget_authority_amount": 73876424244.38,
				"congressional_justification_url": "https://www.justice.gov/cj",
				"current_total_budget_authority_amount": 15772073357024.4,
				"obligated_amount": 43998248750.26,
				"outlay_amount": 47771740066.78,
				"percentage_of_total_budget_authority": 0.00468400206948552,
				"toptier_code": "015"
			},
			{
				"abbreviation": "DOL",
				"active_fq": "4",
				"active_fy": "2025",
				"agency_id": 267,
				"agency_name": "Department of Labor",
				"agency_slug": "department-of-labor",
				"budget_authority_amount": 94461754869.77,
				"congressional_justification_url": "https://www.dol.gov/cj",
				"current_total_budget_authority_amount": 15772073357024.4,
				"obligated_amount": 63998963034.61,
				"outlay_amount": 65009177133.86,
				"percentage_of_total_budget_authority": 0.0059891780066886,
				"toptier_code": "1601"
			},
			{
				"abbreviation": "DOS",
				"active_fq": "4",
				"active_fy": "2025",
				"agency_id": 315,
				"agency_name": "Department of State",
				"agency_slug": "department-of-state",
				"budget_authority_amount": 83631585485.51,
				"congressional_justification_url": "https://www.state.gov/cj",
				"current_total_budget_authority_amount": 15772073357024.4,
				"obligated_amount": 33309895939.96,
				"outlay_amount": 40746071244.91,
				"percentage_of_total_budget_authority": 0.00530251055726055,
				"toptier_code": "019"
			},
			{
				"abbreviation": "DOT",
				"active_fq": "4",
				"active_fy": "2025",
				"agency_id": 731,
				"agency_name": "Department of Transportation",
				"agency_slug": "department-of-transportation",
				"budget_authority_amount": 294079047762.65,
				"congressional_justification_url": "https://www.transportation.gov/cj",
				"current_total_budget_authority_amount": 15772073357024.4,
				"obligated_amount": 135539894405.29,
				"outlay_amount": 125174204702.86,
				"percentage_of_total_budget_authority": 0.0186455541453385,
				"toptier_code": "069"
			},
			{
				"abbreviation": "VA",
				"active_fq": "4",
				"active_fy": "2025",
				"agency_id": 561,
				"agency_name": "Department of Veterans Affairs",
				"agency_slug": "department-of-veterans-affairs",
				"budget_authority_amount": 467810687632.53,
				"congressional_justification_url": "https://www.va.gov/cj",
				"current_total_budget_authority_amount": 15772073357024.4,
				"obligated_amount": 372065765766.08,
				"outlay_amount": 383635971723.58,
				"percentage_of_total_budget_authority": 0.0296606969193546,
				"toptier_code": "036"
			},
			{
				"abbreviation": "DOI",
				"active_fq": "4",
				"active_fy": "2025",
				"agency_id": 209,
				"agency_name": "Department of the Interior",
				"agency_slug": "department-of-the-interior",
				"budget_authority_amount": 99898245404.67,
				"congressional_justification_url": "https://www.doi.gov/cj",
				"current_total_budget_authority_amount": 15772073357024.4,
				"obligated_amount": 35412567061.45,
				"outlay_amount": 35563381095.03,
				"percentage_of_total_budget_authority": 0.00633386893043951,
				"toptier_code": "014"
			},
			{
				"abbreviation": "TREAS",
				"active_fq": "4",
				"active_fy": "2025",
				"agency_id": 456,
				"agency_name": "Department of the Treasury",
				"agency_slug": "department-of-the-treasury",
				"budget_authority_amount": 4627473260097.69,
				"congressional_justification_url": "https://www.treasury.gov/cj",
				"current_total_budget_authority_amount": 15772073357024.4,
				"obligated_amount": 1822791283966.04,
				"outlay_amount": 1810703568676.62,
				"percentage_of_total_budget_authority": 0.293396635645037,
				"toptier_code": "020"
			},
			{
				"abbreviation": "DC COURTS",
				"active_fq": "4",
				"active_fy": "2025",
				"agency_id": 1523,
				"agency_name": "District of Columbia Courts",
				"agency_slug": "district-of-columbia-courts",
				"budget_authority_amount": 437935250.26,
				"congressional_justification_url": "https://www.dccourts.gov/cj",
				"current_total_budget_authority_amount": 15772073357024.4,
				"obligated_amount": 319832292.23,
				"outlay_amount": 307857724.03,
				"percentage_of_total_budget_authority": 0.0000277664984397854,
				"toptier_code": "349"
			},
			{
				"abbreviation": "EAC",
				"active_fq": "4",
				"active_fy": "2025",
				"agency_id": 1141,
				"agency_name": "Election Assistance Commission",
				"agency_slug": "election-assistance-commission",
				"budget_authority_amount": 116068286.6,
				"congressional_justification_url": "https://www.eac.gov/cj",
				"current_total_budget_authority_amount": 15772073357024.4,
				"obligated_amount": 34100848.36,
				"outlay_amount": 37785281.94,
				"percentage_of_total_budget_authority": 0.00000735910136686667,
				"toptier_code": "525"
			},
			{
				"abbreviation": "EPA",
				"active_fq": "4",
				"active_fy": "2025",
				"agency_id": 700,
				"agency_name": "Environmental Protection Agency",
				"agency_slug": "environmental-protection-agency",
				"budget_authority_amount": 66915904420.95,
				"congressional_justification_url": "https://www.epa.gov/cj",
				"current_total_budget_authority_amount": 15772073357024.4,
				"obligated_amount": 29815275137.79,
				"outlay_amount": 36979506988.14,
				"percentage_of_total_budget_authority": 0.00424268280435986,
				"toptier_code": "068"
			},
			{
				"abbreviation": "EEOC",
				"active_fq": "4",
				"active_fy": "2025",
				"agency_id": 611,
				"agency_name": "Equal Employment Opportunity Commission",
				"agency_slug": "equal-employment-opportunity-commission",
				"budget_authority_amount": 495521650.5,
				"congressional_justification_url": "https://www.eeoc.gov/cj",
				"current_total_budget_authority_amount": 15772073357024.4,
				"obligated_amount": 416832127.51,
				"outlay_amount": 418907869.01,
				"percentage_of_total_budget_authority": 0.0000314176607782076,
				"toptier_code": "045"
			},
			{
				"abbreviation": "EOP",
				"active_fq": "4",
				"active_fy": "2025",
				"agency_id": 48,
				"agency_name": "Executive Office of the President",
				"agency_slug": "executive-office-of-the-president",
				"budget_authority_amount": 0,
				"congressional_justification_url": "https://www.whitehouse.gov/wp-content/uploads/2021/06/EOP-FY2022-Congressional-Budget-Submission.pdf",
				"current_total_budget_authority_amount": 15772073357024.4,
				"obligated_amount": 0,
				"outlay_amount": 0,
				"percentage_of_total_budget_authority": 0,
				"toptier_code": "1100"
			},
			{
				"abbreviation": "EXIM",
				"active_fq": "4",
				"active_fy": "2025",
				"agency_id": 878,
				"agency_name": "Export-Import Bank of the United States",
				"agency_slug": "export-import-bank-of-the-united-states",
				"budget_authority_amount": 423184043.2,
				"congressional_justification_url": "https://www.exim.gov/cj",
				"current_total_budget_authority_amount": 15772073357024.4,
				"obligated_amount": 241655751.95,
				"outlay_amount": 220891001.65,
				"percentage_of_total_budget_authority": 0.0000268312246348718,
				"toptier_code": "083"
			},
			{
				"abbreviation": "FCSIC",
				"active_fq": "4",
				"active_fy": "2025",
				"agency_id": 860,
				"agency_name": "Farm Credit System Insurance Corporation",
				"agency_slug": "farm-credit-system-insurance-corporation",
				"budget_authority_amount": 8452677361.37,
				"congressional_justification_url": "https://www.fcsic.gov/cj",
				"current_total_budget_authority_amount": 15772073357024.4,
				"obligated_amount": 81655161.1,
				"outlay_amount": 80786607.65,
				"percentage_of_total_budget_authority": 0.00053592683536469,
				"toptier_code": "7802"
			},
			{
				"abbreviation": "FCC",
				"active_fq": "4",
				"active_fy": "2025",
				"agency_id": 538,
				"agency_name": "Federal Communications Commission",
				"agency_slug": "federal-communications-commission",
				"budget_authority_amount": -7402541491.29,
				"congressional_justification_url": "https://www.fcc.gov/cj",
				"current_total_budget_authority_amount": 15772073357024.4,
				"obligated_amount": 10902562071.39,
				"outlay_amount": 10557344852.1,
				"percentage_of_total_budget_authority": -0.00046934485554,
				"toptier_code": "027"
			},
			{
				"abbreviation": "FDIC",
				"active_fq": "4",
				"active_fy": "2025",
				"agency_id": 682,
				"agency_name": "Federal Deposit Insurance Corporation",
				"agency_slug": "federal-deposit-insurance-corporation",
				"budget_authority_amount": 126827211486,
				"congressional_justification_url": "https://www.fdic.gov/cj",
				"current_total_budget_authority_amount": 15772073357024.4,
				"obligated_amount": 4871393556.16,
				"outlay_amount": 4810534163.16,
				"percentage_of_total_budget_authority": 0.00804125168676791,
				"toptier_code": "051"
			},
			{
				"abbreviation": "FEC",
				"active_fq": "4",
				"active_fy": "2025",
				"agency_id": 1128,
				"agency_name": "Federal Election Commission",
				"agency_slug": "federal-election-commission",
				"budget_authority_amount": 90131969.54,
				"congressional_justification_url": "https://www.fec.gov/cj",
				"current_total_budget_authority_amount": 15772073357024.4,
				"obligated_amount": 72232353.99,
				"outlay_amount": 71012853.34,
				"percentage_of_total_budget_authority": 0.00000571465573990992,
				"toptier_code": "360"
			},
			{
				"abbreviation": "FFIEC",
				"active_fq": "4",
				"active_fy": "2025",
				"agency_id": 1161,
				"agency_name": "Federal Financial Institutions Examination Council",
				"agency_slug": "federal-financial-institutions-examination-council",
				"budget_authority_amount": 34473550.74,
				"congressional_justification_url": null,
				"current_total_budget_authority_amount": 15772073357024.4,
				"obligated_amount": 7298124.75,
				"outlay_amount": 5185014.23,
				"percentage_of_total_budget_authority": 0.00000218573360392383,
				"toptier_code": "362"
			},
			{
				"abbreviation": "FLRA",
				"active_fq": "4",
				"active_fy": "2025",
				"agency_id": 685,
				"agency_name": "Federal Labor Relations Authority",
				"agency_slug": "federal-labor-relations-authority",
				"budget_authority_amount": 30556054.84,
				"congressional_justification_url": "https://www.flra.gov/cj",
				"current_total_budget_authority_amount": 15772073357024.4,
				"obligated_amount": 25832503.69,
				"outlay_amount": 27328549.72,
				"percentage_of_total_budget_authority": 0.00000193735180837155,
				"toptier_code": "054"
			},
			{
				"abbreviation": "FMC",
				"active_fq": "4",
				"active_fy": "2025",
				"agency_id": 699,
				"agency_name": "Federal Maritime Commission",
				"agency_slug": "federal-maritime-commission",
				"budget_authority_amount": 44888357.41,
				"congressional_justification_url": "https://www.fmc.gov/cj",
				"current_total_budget_authority_amount": 15772073357024.4,
				"obligated_amount": 33594780.3,
				"outlay_amount": 35880114.28,
				"percentage_of_total_budget_authority": 0.00000284606572603899,
				"toptier_code": "065"
			},
			{
				"abbreviation": "FMCS",
				"active_fq": "4",
				"active_fy": "2025",
				"agency_id": 1125,
				"agency_name": "Federal Mediation and Conciliation Service",
				"agency_slug": "federal-mediation-and-conciliation-service",
				"budget_authority_amount": 0,
				"congressional_justification_url": "https://www.fmcs.gov/cj",
				"current_total_budget_authority_amount": 15772073357024.4,
				"obligated_amount": 0,
				"outlay_amount": 0,
				"percentage_of_total_budget_authority": 0,
				"toptier_code": "093"
			},
			{
				"abbreviation": "FMSHRC",
				"active_fq": "4",
				"active_fy": "2025",
				"agency_id": 1127,
				"agency_name": "Federal Mine Safety and Health Review Commission",
				"agency_slug": "federal-mine-safety-and-health-review-commission",
				"budget_authority_amount": 26215728.35,
				"congressional_justification_url": "https://www.fmshrc.gov/cj",
				"current_total_budget_authority_amount": 15772073357024.4,
				"obligated_amount": 16401639.19,
				"outlay_amount": 14370570.5,
				"percentage_of_total_budget_authority": 0.00000166216119825009,
				"toptier_code": "368"
			},
			{
				"abbreviation": "FPISC",
				"active_fq": "4",
				"active_fy": "2025",
				"agency_id": 1524,
				"agency_name": "Federal Permitting Improvement Steering Council",
				"agency_slug": "federal-permitting-improvement-steering-council",
				"budget_authority_amount": 236744883.65,
				"congressional_justification_url": "https://www.permits.performance.gov/documentation/fpisc-fy-2022-budget-request",
				"current_total_budget_authority_amount": 15772073357024.4,
				"obligated_amount": 81064807.55,
				"outlay_amount": 30806988.54,
				"percentage_of_total_budget_authority": 0.0000150103843858018,
				"toptier_code": "473"
			},
			{
				"abbreviation": "FTC",
				"active_fq": "4",
				"active_fy": "2025",
				"agency_id": 552,
				"agency_name": "Federal Trade Commission",
				"agency_slug": "federal-trade-commission",
				"budget_authority_amount": 485988687.56,
				"congressional_justification_url": "https://www.ftc.gov/cj",
				"current_total_budget_authority_amount": 15772073357024.4,
				"obligated_amount": 383184533.58,
				"outlay_amount": 396152849.78,
				"percentage_of_total_budget_authority": 0.0000308132403748651,
				"toptier_code": "029"
			},
			{
				"abbreviation": "GSA",
				"active_fq": "4",
				"active_fy": "2025",
				"agency_id": 614,
				"agency_name": "General Services Administration",
				"agency_slug": "general-services-administration",
				"budget_authority_amount": 0,
				"congressional_justification_url": "https://www.gsa.gov/cj",
				"current_total_budget_authority_amount": 15772073357024.4,
				"obligated_amount": 0,
				"outlay_amount": 0,
				"percentage_of_total_budget_authority": 0,
				"toptier_code": "047"
			},
			{
				"abbreviation": "GAO",
				"active_fq": "4",
				"active_fy": "2025",
				"agency_id": 11,
				"agency_name": "Government Accountability Office",
				"agency_slug": "government-accountability-office",
				"budget_authority_amount": 1071985515.89,
				"congressional_justification_url": "https://www.gao.gov/products/gao-21-510t",
				"current_total_budget_authority_amount": 15772073357024.4,
				"obligated_amount": 857152014.57,
				"outlay_amount": 818905015.84,
				"percentage_of_total_budget_authority": 0.000067967317398544,
				"toptier_code": "005"
			},
			{
				"abbreviation": "GCERC",
				"active_fq": "4",
				"active_fy": "2025",
				"agency_id": 1147,
				"agency_name": "Gulf Coast Ecosystem Restoration Council",
				"agency_slug": "gulf-coast-ecosystem-restoration-council",
				"budget_authority_amount": 393327907.98,
				"congressional_justification_url": "https://www.restorethegulf.gov/cj",
				"current_total_budget_authority_amount": 15772073357024.4,
				"obligated_amount": 186474930.79,
				"outlay_amount": 175121630.24,
				"percentage_of_total_budget_authority": 0.000024938249973636,
				"toptier_code": "471"
			},
			{
				"abbreviation": "TRUMAN",
				"active_fq": "4",
				"active_fy": "2025",
				"agency_id": 1131,
				"agency_name": "Harry S Truman Scholarship Foundation",
				"agency_slug": "harry-s-truman-scholarship-foundation",
				"budget_authority_amount": 31189142.76,
				"congressional_justification_url": null,
				"current_total_budget_authority_amount": 15772073357024.4,
				"obligated_amount": 5702070.38,
				"outlay_amount": 5709077.22,
				"percentage_of_total_budget_authority": 0.00000197749161153307,
				"toptier_code": "372"
			},
			{
				"abbreviation": "IMLS",
				"active_fq": "4",
				"active_fy": "2025",
				"agency_id": 1423,
				"agency_name": "Institute of Museum and Library Services",
				"agency_slug": "institute-of-museum-and-library-services",
				"budget_authority_amount": 327603674.59,
				"congressional_justification_url": "https://www.imls.gov/cj",
				"current_total_budget_authority_amount": 15772073357024.4,
				"obligated_amount": 215185805.15,
				"outlay_amount": 300749373.15,
				"percentage_of_total_budget_authority": 0.0000207711229319191,
				"toptier_code": "474"
			},
			{
				"abbreviation": "IAF",
				"active_fq": "4",
				"active_fy": "2025",
				"agency_id": 1526,
				"agency_name": "Inter-American Foundation",
				"agency_slug": "inter-american-foundation",
				"budget_authority_amount": 42400822.3,
				"congressional_justification_url": null,
				"current_total_budget_authority_amount": 15772073357024.4,
				"obligated_amount": 16922350.22,
				"outlay_amount": 29362549.79,
				"percentage_of_total_budget_authority": 0.00000268834802756708,
				"toptier_code": "164"
			},
			{
				"abbreviation": "USITC",
				"active_fq": "4",
				"active_fy": "2025",
				"agency_id": 560,
				"agency_name": "International Trade Commission",
				"agency_slug": "international-trade-commission",
				"budget_authority_amount": 133226587.18,
				"congressional_justification_url": "https://www.usitc.gov/cj",
				"current_total_budget_authority_amount": 15772073357024.4,
				"obligated_amount": 118137370,
				"outlay_amount": 120760986.78,
				"percentage_of_total_budget_authority": 0.00000844699261563253,
				"toptier_code": "034"
			},
			{
				"abbreviation": "MADISON",
				"active_fq": "4",
				"active_fy": "2025",
				"agency_id": 1152,
				"agency_name": "James Madison Memorial Fellowship Foundation",
				"agency_slug": "james-madison-memorial-fellowship-foundation",
				"budget_authority_amount": 37705378,
				"congressional_justification_url": null,
				"current_total_budget_authority_amount": 15772073357024.4,
				"obligated_amount": 2619545.95,
				"outlay_amount": 2412339.01,
				"percentage_of_total_budget_authority": 0.00000239064181014648,
				"toptier_code": "381"
			},
			{
				"abbreviation": "JUSFC",
				"active_fq": "4",
				"active_fy": "2025",
				"agency_id": 1133,
				"agency_name": "Japan-United States Friendship Commission",
				"agency_slug": "japan-united-states-friendship-commission",
				"budget_authority_amount": 2819427.85,
				"congressional_justification_url": null,
				"current_total_budget_authority_amount": 15772073357024.4,
				"obligated_amount": 2435624.52,
				"outlay_amount": 2448891.9,
				"percentage_of_total_budget_authority": 0.000000178760761897186,
				"toptier_code": "382"
			},
			{
				"abbreviation": "KENNEDY CENTER",
				"active_fq": "4",
				"active_fy": "2025",
				"agency_id": 558,
				"agency_name": "John F. Kennedy Center for the Performing Arts",
				"agency_slug": "john-f-kennedy-center-for-the-performing-arts",
				"budget_authority_amount": 0,
				"congressional_justification_url": "https://www.kennedy-center.org/cj",
				"current_total_budget_authority_amount": 15772073357024.4,
				"obligated_amount": 0,
				"outlay_amount": 0,
				"percentage_of_total_budget_authority": 0,
				"toptier_code": "3301"
			},
			{
				"abbreviation": "MMC",
				"active_fq": "4",
				"active_fy": "2025",
				"agency_id": 1134,
				"agency_name": "Marine Mammal Commission",
				"agency_slug": "marine-mammal-commission",
				"budget_authority_amount": 5633921.14,
				"congressional_justification_url": "https://www.mmc.gov/cj",
				"current_total_budget_authority_amount": 15772073357024.4,
				"obligated_amount": 3557215.64,
				"outlay_amount": 3896093.66,
				"percentage_of_total_budget_authority": 0.000000357208656875211,
				"toptier_code": "387"
			},
			{
				"abbreviation": "MSPB",
				"active_fq": "4",
				"active_fy": "2025",
				"agency_id": 610,
				"agency_name": "Merit Systems Protection Board",
				"agency_slug": "merit-systems-protection-board",
				"budget_authority_amount": 58782891.78,
				"congressional_justification_url": "https://www.mspb.gov/cj",
				"current_total_budget_authority_amount": 15772073357024.4,
				"obligated_amount": 44206889.58,
				"outlay_amount": 46119219.88,
				"percentage_of_total_budget_authority": 0.00000372702373678853,
				"toptier_code": "389"
			},
			{
				"abbreviation": "MCC",
				"active_fq": "4",
				"active_fy": "2025",
				"agency_id": 1154,
				"agency_name": "Millennium Challenge Corporation",
				"agency_slug": "millennium-challenge-corporation",
				"budget_authority_amount": 3226114298.28,
				"congressional_justification_url": "https://www.mcc.gov/cj",
				"current_total_budget_authority_amount": 15772073357024.4,
				"obligated_amount": 430321412.5,
				"outlay_amount": 634001378.75,
				"percentage_of_total_budget_authority": 0.00020454598613968,
				"toptier_code": "524"
			},
			{
				"abbreviation": "UDALL",
				"active_fq": "4",
				"active_fy": "2025",
				"agency_id": 1155,
				"agency_name": "Morris K. Udall and Stewart L. Udall Foundation",
				"agency_slug": "morris-k-udall-and-stewart-l-udall-foundation",
				"budget_authority_amount": 29955994.3,
				"congressional_justification_url": "https://udall.gov/cj",
				"current_total_budget_authority_amount": 15772073357024.4,
				"obligated_amount": 10917932.2,
				"outlay_amount": 10600892.92,
				"percentage_of_total_budget_authority": 0.00000189930604695409,
				"toptier_code": "487"
			},
			{
				"abbreviation": "NASA",
				"active_fq": "4",
				"active_fy": "2025",
				"agency_id": 862,
				"agency_name": "National Aeronautics and Space Administration",
				"agency_slug": "national-aeronautics-and-space-administration",
				"budget_authority_amount": 45104399537.61,
				"congressional_justification_url": "https://www.nasa.gov/cj",
				"current_total_budget_authority_amount": 15772073357024.4,
				"obligated_amount": 23666428272.52,
				"outlay_amount": 24286573624.25,
				"percentage_of_total_budget_authority": 0.00285976348933995,
				"toptier_code": "080"
			},
			{
				"abbreviation": "NARA",
				"active_fq": "4",
				"active_fy": "2025",
				"agency_id": 925,
				"agency_name": "National Archives and Records Administration",
				"agency_slug": "national-archives-and-records-administration",
				"budget_authority_amount": 903899452.08,
				"congressional_justification_url": "https://www.archives.gov/cj",
				"current_total_budget_authority_amount": 15772073357024.4,
				"obligated_amount": 665740995.95,
				"outlay_amount": 697532450.97,
				"percentage_of_total_budget_authority": 0.0000573101222406773,
				"toptier_code": "088"
			},
			{
				"abbreviation": "NCPC",
				"active_fq": "4",
				"active_fy": "2025",
				"agency_id": 1126,
				"agency_name": "National Capital Planning Commission",
				"agency_slug": "national-capital-planning-commission",
				"budget_authority_amount": 17527418.49,
				"congressional_justification_url": "https://www.ncpc.gov/docs/NCPC_Justification_for_Appropriation_FY_2022.pdf",
				"current_total_budget_authority_amount": 15772073357024.4,
				"obligated_amount": 11495247.77,
				"outlay_amount": 10207353.43,
				"percentage_of_total_budget_authority": 0.00000111129450727502,
				"toptier_code": "394"
			},
			{
				"abbreviation": "NCD",
				"active_fq": "4",
				"active_fy": "2025",
				"agency_id": 1417,
				"agency_name": "National Council on Disability",
				"agency_slug": "national-council-on-disability",
				"budget_authority_amount": 0,
				"congressional_justification_url": "https://www.ncd.gov/cj",
				"current_total_budget_authority_amount": 15772073357024.4,
				"obligated_amount": 0,
				"outlay_amount": 0,
				"percentage_of_total_budget_authority": 0,
				"toptier_code": "413"
			},
			{
				"abbreviation": "NCUA",
				"active_fq": "4",
				"active_fy": "2025",
				"agency_id": 535,
				"agency_name": "National Credit Union Administration",
				"agency_slug": "national-credit-union-administration",
				"budget_authority_amount": 18600731.24,
				"congressional_justification_url": "https://www.ncua.gov/cj",
				"current_total_budget_authority_amount": 15772073357024.4,
				"obligated_amount": 1506264.28,
				"outlay_amount": 3572829.18,
				"percentage_of_total_budget_authority": 0.0000011793459755699,
				"toptier_code": "025"
			},
			{
				"abbreviation": "NEA",
				"active_fq": "4",
				"active_fy": "2025",
				"agency_id": 687,
				"agency_name": "National Endowment for the Arts",
				"agency_slug": "national-endowment-for-the-arts",
				"budget_authority_amount": 241889514.12,
				"congressional_justification_url": "https://www.arts.gov/cj",
				"current_total_budget_authority_amount": 15772073357024.4,
				"obligated_amount": 122997619.37,
				"outlay_amount": 217638630.34,
				"percentage_of_total_budget_authority": 0.0000153365704460327,
				"toptier_code": "417"
			},
			{
				"abbreviation": "NEH",
				"active_fq": "4",
				"active_fy": "2025",
				"agency_id": 692,
				"agency_name": "National Endowment for the Humanities",
				"agency_slug": "national-endowment-for-the-humanities",
				"budget_authority_amount": 278118416.54,
				"congressional_justification_url": "https://www.neh.gov/cj",
				"current_total_budget_authority_amount": 15772073357024.4,
				"obligated_amount": 107069874.66,
				"outlay_amount": 189377290.63,
				"percentage_of_total_budget_authority": 0.0000176335989723338,
				"toptier_code": "418"
			},
			{
				"abbreviation": "NLRB",
				"active_fq": "4",
				"active_fy": "2025",
				"agency_id": 697,
				"agency_name": "National Labor Relations Board",
				"agency_slug": "national-labor-relations-board",
				"budget_authority_amount": 315613050.45,
				"congressional_justification_url": "https://www.nlrb.gov/cj",
				"current_total_budget_authority_amount": 15772073357024.4,
				"obligated_amount": 272344036.06,
				"outlay_amount": 283928775.48,
				"percentage_of_total_budget_authority": 0.0000200108789317439,
				"toptier_code": "420"
			},
			{
				"abbreviation": "NMB",
				"active_fq": "4",
				"active_fy": "2025",
				"agency_id": 1142,
				"agency_name": "National Mediation Board",
				"agency_slug": "national-mediation-board",
				"budget_authority_amount": 19271922.3,
				"congressional_justification_url": "https://nmb.gov/cj",
				"current_total_budget_authority_amount": 15772073357024.4,
				"obligated_amount": 13203475.31,
				"outlay_amount": 13452460.7,
				"percentage_of_total_budget_authority": 0.00000122190163992718,
				"toptier_code": "421"
			},
			{
				"abbreviation": "NSF",
				"active_fq": "4",
				"active_fy": "2025",
				"agency_id": 655,
				"agency_name": "National Science Foundation",
				"agency_slug": "national-science-foundation",
				"budget_authority_amount": 10923551830.37,
				"congressional_justification_url": "https://www.nsf.gov/cj",
				"current_total_budget_authority_amount": 15772073357024.4,
				"obligated_amount": 8368173707.45,
				"outlay_amount": 8979843300.04,
				"percentage_of_total_budget_authority": 0.0006925881958002,
				"toptier_code": "049"
			},
			{
				"abbreviation": "NTSB",
				"active_fq": "4",
				"active_fy": "2025",
				"agency_id": 1130,
				"agency_name": "National Transportation Safety Board",
				"agency_slug": "national-transportation-safety-board",
				"budget_authority_amount": 176875135.52,
				"congressional_justification_url": "https://www.ntsb.gov/cj",
				"current_total_budget_authority_amount": 15772073357024.4,
				"obligated_amount": 131837508.94,
				"outlay_amount": 129961648.48,
				"percentage_of_total_budget_authority": 0.0000112144504730714,
				"toptier_code": "424"
			},
			{
				"abbreviation": "NBRC",
				"active_fq": "4",
				"active_fy": "2025",
				"agency_id": 1431,
				"agency_name": "Northern Border Regional Commission",
				"agency_slug": "northern-border-regional-commission",
				"budget_authority_amount": 267467491.61,
				"congressional_justification_url": "https://www.nbrc.gov/content/CJ",
				"current_total_budget_authority_amount": 15772073357024.4,
				"obligated_amount": 98631005.96,
				"outlay_amount": 25036765.84,
				"percentage_of_total_budget_authority": 0.0000169582961957806,
				"toptier_code": "573"
			},
			{
				"abbreviation": "NRC",
				"active_fq": "4",
				"active_fy": "2025",
				"agency_id": 554,
				"agency_name": "Nuclear Regulatory Commission",
				"agency_slug": "nuclear-regulatory-commission",
				"budget_authority_amount": 1153065216.84,
				"congressional_justification_url": "https://www.nrc.gov/cj",
				"current_total_budget_authority_amount": 15772073357024.4,
				"obligated_amount": 864951762.3,
				"outlay_amount": 916889750.49,
				"percentage_of_total_budget_authority": 0.0000731080302975168,
				"toptier_code": "031"
			},
			{
				"abbreviation": "NWTRB",
				"active_fq": "4",
				"active_fy": "2025",
				"agency_id": 654,
				"agency_name": "Nuclear Waste Technical Review Board",
				"agency_slug": "nuclear-waste-technical-review-board",
				"budget_authority_amount": 5299141.35,
				"congressional_justification_url": "https://www.nwtrb.gov/cj",
				"current_total_budget_authority_amount": 15772073357024.4,
				"obligated_amount": 3572989.13,
				"outlay_amount": 3546196.58,
				"percentage_of_total_budget_authority": 0.000000335982545226998,
				"toptier_code": "431"
			},
			{
				"abbreviation": "OSHRC",
				"active_fq": "4",
				"active_fy": "2025",
				"agency_id": 1135,
				"agency_name": "Occupational Safety and Health Review Commission",
				"agency_slug": "occupational-safety-and-health-review-commission",
				"budget_authority_amount": 18982671.81,
				"congressional_justification_url": "https://www.oshrc.gov/cj",
				"current_total_budget_authority_amount": 15772073357024.4,
				"obligated_amount": 11706039.95,
				"outlay_amount": 12638147.95,
				"percentage_of_total_budget_authority": 0.00000120356223181942,
				"toptier_code": "432"
			},
			{
				"abbreviation": "OGE",
				"active_fq": "4",
				"active_fy": "2025",
				"agency_id": 1157,
				"agency_name": "Office of Government Ethics",
				"agency_slug": "office-of-government-ethics",
				"budget_authority_amount": 29632052.53,
				"congressional_justification_url": "https://www.oge.gov/cj",
				"current_total_budget_authority_amount": 15772073357024.4,
				"obligated_amount": 20306256.19,
				"outlay_amount": 18425970.48,
				"percentage_of_total_budget_authority": 0.0000018787671005095,
				"toptier_code": "434"
			},
			{
				"abbreviation": "ONHIR",
				"active_fq": "4",
				"active_fy": "2025",
				"agency_id": 650,
				"agency_name": "Office of Navajo and Hopi Indian Relocation",
				"agency_slug": "office-of-navajo-and-hopi-indian-relocation",
				"budget_authority_amount": 6521811.66,
				"congressional_justification_url": null,
				"current_total_budget_authority_amount": 15772073357024.4,
				"obligated_amount": 5179714.45,
				"outlay_amount": 4708736.74,
				"percentage_of_total_budget_authority": 0.000000413503761513724,
				"toptier_code": "435"
			},
			{
				"abbreviation": "OPM",
				"active_fq": "4",
				"active_fy": "2025",
				"agency_id": 503,
				"agency_name": "Office of Personnel Management",
				"agency_slug": "office-of-personnel-management",
				"budget_authority_amount": 368392255822.85,
				"congressional_justification_url": "https://www.opm.gov/cj",
				"current_total_budget_authority_amount": 15772073357024.4,
				"obligated_amount": 191203210005.85,
				"outlay_amount": 190858564356.38,
				"percentage_of_total_budget_authority": 0.02335724970863,
				"toptier_code": "024"
			},
			{
				"abbreviation": "OSC",
				"active_fq": "4",
				"active_fy": "2025",
				"agency_id": 695,
				"agency_name": "Office of Special Counsel",
				"agency_slug": "office-of-special-counsel",
				"budget_authority_amount": 32457851.32,
				"congressional_justification_url": "https://osc.gov/cj",
				"current_total_budget_authority_amount": 15772073357024.4,
				"obligated_amount": 28753448.65,
				"outlay_amount": 27483448.69,
				"percentage_of_total_budget_authority": 0.00000205793180042142,
				"toptier_code": "062"
			},
			{
				"abbreviation": "OPIC",
				"active_fq": "4",
				"active_fy": "2025",
				"agency_id": 800,
				"agency_name": "Overseas Private Investment Corporation",
				"agency_slug": "overseas-private-investment-corporation",
				"budget_authority_amount": 14485213.01,
				"congressional_justification_url": "https://www.opic.gov/cj",
				"current_total_budget_authority_amount": 15772073357024.4,
				"obligated_amount": 0,
				"outlay_amount": 540761.17,
				"percentage_of_total_budget_authority": 0.000000918408929638201,
				"toptier_code": "071"
			},
			{
				"abbreviation": "PCORTF",
				"active_fq": "4",
				"active_fy": "2025",
				"agency_id": 1516,
				"agency_name": "Patient-Centered Outcomes Research Trust Fund",
				"agency_slug": "patient-centered-outcomes-research-trust-fund",
				"budget_authority_amount": 1184356119.81,
				"congressional_justification_url": null,
				"current_total_budget_authority_amount": 15772073357024.4,
				"obligated_amount": 1184356119.81,
				"outlay_amount": 1013946979.62,
				"percentage_of_total_budget_authority": 0.0000750919738325032,
				"toptier_code": "579"
			},
			{
				"abbreviation": "PC",
				"active_fq": "4",
				"active_fy": "2025",
				"agency_id": 89,
				"agency_name": "Peace Corps",
				"agency_slug": "peace-corps",
				"budget_authority_amount": 524057792.84,
				"congressional_justification_url": "https://www.peacecorps.gov/cj",
				"current_total_budget_authority_amount": 15772073357024.4,
				"obligated_amount": 409760168.11,
				"outlay_amount": 402705624.4,
				"percentage_of_total_budget_authority": 0.0000332269436603019,
				"toptier_code": "1125"
			},
			{
				"abbreviation": "PBGC",
				"active_fq": "4",
				"active_fy": "2025",
				"agency_id": 308,
				"agency_name": "Pension Benefit Guaranty Corporation",
				"agency_slug": "pension-benefit-guaranty-corporation",
				"budget_authority_amount": 90436729630.46,
				"congressional_justification_url": "https://www.pbgc.gov/cj",
				"current_total_budget_authority_amount": 15772073357024.4,
				"obligated_amount": 12455869430.52,
				"outlay_amount": 12217579439.43,
				"percentage_of_total_budget_authority": 0.00573397850639478,
				"toptier_code": "1602"
			},
			{
				"abbreviation": "PRESIDIO",
				"active_fq": "4",
				"active_fy": "2025",
				"agency_id": 1164,
				"agency_name": "Presidio Trust",
				"agency_slug": "presidio-trust",
				"budget_authority_amount": 531019148.14,
				"congressional_justification_url": "https://www.presidio.gov/presidio-trust/planning-internal/Shared%20Documents/Financial%20Documents/FIN-311-FY2022BudJust-20210602.pdf",
				"current_total_budget_authority_amount": 15772073357024.4,
				"obligated_amount": 190910712.71,
				"outlay_amount": 211119212.31,
				"percentage_of_total_budget_authority": 0.0000336683158973198,
				"toptier_code": "512"
			},
			{
				"abbreviation": "PCLOB",
				"active_fq": "4",
				"active_fy": "2025",
				"agency_id": 1143,
				"agency_name": "Privacy and Civil Liberties Oversight Board",
				"agency_slug": "privacy-and-civil-liberties-oversight-board",
				"budget_authority_amount": 18272504.34,
				"congressional_justification_url": null,
				"current_total_budget_authority_amount": 15772073357024.4,
				"obligated_amount": 13032388.94,
				"outlay_amount": 12035281.62,
				"percentage_of_total_budget_authority": 0.00000115853533814956,
				"toptier_code": "535"
			},
			{
				"abbreviation": "PBRB",
				"active_fq": "4",
				"active_fy": "2025",
				"agency_id": 1544,
				"agency_name": "Public Buildings Reform Board",
				"agency_slug": "public-buildings-reform-board",
				"budget_authority_amount": 11404685.71,
				"congressional_justification_url": "https://www.pbrb.gov/cj/",
				"current_total_budget_authority_amount": 15772073357024.4,
				"obligated_amount": 1959400.39,
				"outlay_amount": 2274613.98,
				"percentage_of_total_budget_authority": 0.000000723093625792748,
				"toptier_code": "290"
			},
			{
				"abbreviation": "RRB",
				"active_fq": "4",
				"active_fy": "2025",
				"agency_id": 693,
				"agency_name": "Railroad Retirement Board",
				"agency_slug": "railroad-retirement-board",
				"budget_authority_amount": 18101343228.98,
				"congressional_justification_url": "https://www.rrb.gov/cj",
				"current_total_budget_authority_amount": 15772073357024.4,
				"obligated_amount": 16097428975.59,
				"outlay_amount": 16085962726.72,
				"percentage_of_total_budget_authority": 0.00114768317514311,
				"toptier_code": "060"
			},
			{
				"abbreviation": "SEC",
				"active_fq": "4",
				"active_fy": "2025",
				"agency_id": 680,
				"agency_name": "Securities and Exchange Commission",
				"agency_slug": "securities-and-exchange-commission",
				"budget_authority_amount": 3463698464.73,
				"congressional_justification_url": "https://www.sec.gov/cj",
				"current_total_budget_authority_amount": 15772073357024.4,
				"obligated_amount": 2047718663.23,
				"outlay_amount": 2192367921.11,
				"percentage_of_total_budget_authority": 0.00021960958374488,
				"toptier_code": "050"
			},
			{
				"abbreviation": "SSS",
				"active_fq": "4",
				"active_fy": "2025",
				"agency_id": 1067,
				"agency_name": "Selective Service System",
				"agency_slug": "selective-service-system",
				"budget_authority_amount": 0,
				"congressional_justification_url": "https://www.sss.gov/cj",
				"current_total_budget_authority_amount": 15772073357024.4,
				"obligated_amount": 0,
				"outlay_amount": 0,
				"percentage_of_total_budget_authority": 0,
				"toptier_code": "090"
			},
			{
				"abbreviation": "SBA",
				"active_fq": "4",
				"active_fy": "2025",
				"agency_id": 803,
				"agency_name": "Small Business Administration",
				"agency_slug": "small-business-administration",
				"budget_authority_amount": 17631540924.3,
				"congressional_justification_url": "https://www.sba.gov/cj",
				"current_total_budget_authority_amount": 15772073357024.4,
				"obligated_amount": 12248225169.39,
				"outlay_amount": 11925906570.52,
				"percentage_of_total_budget_authority": 0.00111789620331986,
				"toptier_code": "073"
			},
			{
				"abbreviation": "SSA",
				"active_fq": "4",
				"active_fy": "2025",
				"agency_id": 539,
				"agency_name": "Social Security Administration",
				"agency_slug": "social-security-administration",
				"budget_authority_amount": 1644576277594.12,
				"congressional_justification_url": "https://www.ssa.gov/cj",
				"current_total_budget_authority_amount": 15772073357024.4,
				"obligated_amount": 1604210467095.4,
				"outlay_amount": 1593116950484.66,
				"percentage_of_total_budget_authority": 0.10427140683198,
				"toptier_code": "028"
			},
			{
				"abbreviation": "SCRC",
				"active_fq": "4",
				"active_fy": "2025",
				"agency_id": 1546,
				"agency_name": "Southeast Crescent Regional Commission",
				"agency_slug": "southeast-crescent-regional-commission",
				"budget_authority_amount": 58407115.42,
				"congressional_justification_url": "https://scrc.gov/Accountability/congressional-justification",
				"current_total_budget_authority_amount": 15772073357024.4,
				"obligated_amount": 10873209.28,
				"outlay_amount": 5739578.85,
				"percentage_of_total_budget_authority": 0.00000370319831120917,
				"toptier_code": "574"
			},
			{
				"abbreviation": "STB",
				"active_fq": "4",
				"active_fy": "2025",
				"agency_id": 1422,
				"agency_name": "Surface Transportation Board",
				"agency_slug": "surface-transportation-board",
				"budget_authority_amount": 55281824.11,
				"congressional_justification_url": "https://www.stb.gov/cj",
				"current_total_budget_authority_amount": 15772073357024.4,
				"obligated_amount": 37018653.86,
				"outlay_amount": 40782930.37,
				"percentage_of_total_budget_authority": 0.000003505044825662,
				"toptier_code": "472"
			},
			{
				"abbreviation": "USAGM",
				"active_fq": "4",
				"active_fy": "2025",
				"agency_id": 1163,
				"agency_name": "U.S. Agency for Global Media",
				"agency_slug": "us-agency-for-global-media",
				"budget_authority_amount": 993434414.21,
				"congressional_justification_url": null,
				"current_total_budget_authority_amount": 15772073357024.4,
				"obligated_amount": 682155947.85,
				"outlay_amount": 737639605.34,
				"percentage_of_total_budget_authority": 0.000062986925797397,
				"toptier_code": "514"
			},
			{
				"abbreviation": "USICH",
				"active_fq": "4",
				"active_fy": "2025",
				"agency_id": 651,
				"agency_name": "U.S. Interagency Council on Homelessness",
				"agency_slug": "us-interagency-council-on-homelessness",
				"budget_authority_amount": 0,
				"congressional_justification_url": "https://www.usich.gov/cj",
				"current_total_budget_authority_amount": 15772073357024.4,
				"obligated_amount": 0,
				"outlay_amount": 0,
				"percentage_of_total_budget_authority": 0,
				"toptier_code": "376"
			},
			{
				"abbreviation": "DFC",
				"active_fq": "4",
				"active_fy": "2025",
				"agency_id": 1522,
				"agency_name": "U.S. International Development Finance Corporation",
				"agency_slug": "us-international-development-finance-corporation",
				"budget_authority_amount": 8928024577.98,
				"congressional_justification_url": null,
				"current_total_budget_authority_amount": 15772073357024.4,
				"obligated_amount": 945518581.6,
				"outlay_amount": 1104859690.02,
				"percentage_of_total_budget_authority": 0.00056606537237564,
				"toptier_code": "077"
			},
			{
				"abbreviation": "CSB",
				"active_fq": "4",
				"active_fy": "2025",
				"agency_id": 1162,
				"agency_name": "United States Chemical Safety Board",
				"agency_slug": "united-states-chemical-safety-board",
				"budget_authority_amount": 21693382.77,
				"congressional_justification_url": "https://www.csb.gov/cj",
				"current_total_budget_authority_amount": 15772073357024.4,
				"obligated_amount": 12727359.34,
				"outlay_amount": 12885909.45,
				"percentage_of_total_budget_authority": 0.00000137542999445526,
				"toptier_code": "510"
			},
			{
				"abbreviation": "CAVC",
				"active_fq": "4",
				"active_fy": "2025",
				"agency_id": 1169,
				"agency_name": "United States Court of Appeals for Veterans Claims",
				"agency_slug": "united-states-court-of-appeals-for-veterans-claims",
				"budget_authority_amount": 127881730.3,
				"congressional_justification_url": "https://www.uscourts.cavc.gov/cj",
				"current_total_budget_authority_amount": 15772073357024.4,
				"obligated_amount": 40528923.28,
				"outlay_amount": 40180570.4,
				"percentage_of_total_budget_authority": 0.00000810811155928622,
				"toptier_code": "345"
			},
			{
				"abbreviation": "USTDA",
				"active_fq": "4",
				"active_fy": "2025",
				"agency_id": 90,
				"agency_name": "United States Trade and Development Agency",
				"agency_slug": "united-states-trade-and-development-agency",
				"budget_authority_amount": 186581218.94,
				"congressional_justification_url": "https://www.ustda.gov/cj",
				"current_total_budget_authority_amount": 15772073357024.4,
				"obligated_amount": 43231579.03,
				"outlay_amount": 68632415.67,
				"percentage_of_total_budget_authority": 0.0000118298472696934,
				"toptier_code": "1133"
			},
			{
				"abbreviation": "VEF",
				"active_fq": "4",
				"active_fy": "2025",
				"agency_id": 1418,
				"agency_name": "Vietnam Education Foundation",
				"agency_slug": "vietnam-education-foundation",
				"budget_authority_amount": 0,
				"congressional_justification_url": null,
				"current_total_budget_authority_amount": 15772073357024.4,
				"obligated_amount": 0,
				"outlay_amount": 0,
				"percentage_of_total_budget_authority": 0,
				"toptier_code": "519"
			}
		]
	},
	"fiscal_year": 2023,
	"state_fips": "51",
	"state_profile": {
		"award_amount_per_capita": 21701.4,
		"code": "VA",
		"fips": "51",
		"median_household_income": 68114,
		"mhi_source": "U.S. Census Bureau, 2016 American Community Survey 1-Year Estimates",
		"mhi_year": 2016,
		"name": "Virginia",
		"pop_source": "U.S. Census Bureau, 2017 Population Estimate",
		"pop_year": 2017,
		"population": 8470020,
		"total_face_value_loan_amount": 7119443249.88,
		"total_face_value_loan_prime_awards": 18948,
		"total_outlays": 102472656921.96,
		"total_prime_amount": 183811297742.52,
		"total_prime_awards": 630959,
		"type": "state"
	}
}
